{
  "dois irmaos do buriti||mato grosso do sul": [
    -20.6906107,
    -55.2760274
  ],
  "dourados||mato grosso do sul": [
    -22.2206145,
    -54.812208
  ],
  "eldourado||mato grosso do sul": [
    -11.0003132,
    -37.0889718
  ],
  "figueirao||mato grosso do sul": [
    -18.67821,
    -53.6379864
  ],
  "gloria de dourados||mato grosso do sul": [
    -22.4173731,
    -54.2313391
  ],
  "guia lopes da laguna||mato grosso do sul": [
    -21.458318,
    -56.111711
  ],
  "iguatemi||mato grosso do sul": [
    -23.673555,
    -54.563731
  ],
  "inocencia||mato grosso do sul": [
    -19.7310751,
    -51.9307502
  ],
  "itapora||mato grosso do sul": [
    -22.0799142,
    -54.7874239
  ],
  "itaquirai||mato grosso do sul": [
    -23.4801914,
    -54.1833692
  ],
  "ivinhema||mato grosso do sul": [
    -22.302254,
    -53.8276006
  ],
  "japora||mato grosso do sul": [
    -23.8919161,
    -54.406888
  ],
  "jaraguari||mato grosso do sul": [
    -20.1019755,
    -54.4377423
  ],
  "jardim||mato grosso do sul": [
    -21.479941,
    -56.148902
  ],
  "jatei||mato grosso do sul": [
    -22.4815624,
    -54.307006
  ]
}